{
  "brand": {
    "name": "YourStreamingSite",
    "tagline": "Exclusive streaming. For the fans who want more.",
    "description": "Get unprecedented access to backstage moments, unreleased tracks, and intimate performances. Premium content for true music superfans."
  },
  "colors": {
    "primary": "220 100% 65%",
    "primaryHover": "220 100% 70%", 
    "secondary": "280 100% 70%",
    "accent": "45 100% 60%"
  },
  "hero": {
    "title": "Exclusive streaming.",
    "highlightText": "For the fans who want more.",
    "subtitle": "Exclusive. Intimate. Unseen. Unlock unreleased footage, backstage access, stripped-down sessions, and one-off shows — with merch drops and priority tickets for subscribers.",
    "backgroundImage": "https://images.unsplash.com/photo-1493225457124-a3eb161ffa5f?w=1920",
    "videoUrl": "",
    "ctaText": "Unlock All Access",
    "secondaryCtaText": "Browse Vault"
  },
  "navigation": {
    "showLogo": true,
    "items": [
      { "label": "Home", "path": "/" },
      { "label": "Library", "path": "/library" }
    ]
  }
}